800c_forward_num_avg,800c_forward_rate_avg,800c_reverse_num_avg,800c_reverse_rate_avg,800c_organism_num_avg,800c_organism_rate_avg
50.0,5.5,50.0,5.5,100.0,5.5
48.3333333333333,5.51966873706004,47.6666666666667,5.5450861195542,96.0,5.53147193585338
47.3333333333333,5.55941686367218,46.6666666666667,5.53580575256107,94.0,5.54644446852661
46.6666666666667,5.53826612770712,45.6666666666667,5.57723063973064,92.3333333333333,5.55587584839472
46.3333333333333,5.5207577101987,45.3333333333333,5.55113636363636,91.6666666666667,5.53475923328658
45.3333333333333,5.5228466838932,45.0,5.51966473243069,90.3333333333333,5.520352277045
45.0,5.54087268862133,44.6666666666667,5.50891772749764,89.6666666666667,5.52393162393162
44.3333333333333,5.58673557278208,43.6666666666667,5.47614125753661,88.0,5.53030303030303
44.0,5.5994708994709,43.0,5.47428604986744,87.0,5.53578791118887
43.6666666666667,5.59509379509379,42.6666666666667,5.47871572871573,86.3333333333333,5.53622026196204
43.0,5.58902144367261,41.6666666666667,5.47077042198993,84.6666666666667,5.53077480922321
47.3333333333333,5.95698427382054,44.6666666666667,5.68496003602387,92.0,5.82656350741457
50.3333333333333,6.20348548893664,46.6666666666667,5.91703703703704,97.0,6.06844945882133
54.0,6.38120675620676,45.0,5.93876152253193,99.0,6.18181818181818
50.6666666666667,6.4148705561749,45.0,6.08801873052744,95.6666666666667,6.26228974498101
51.6666666666667,6.44220052996649,46.0,6.12275276265875,97.6666666666667,6.29101541733121
50.3333333333333,6.41907423194721,45.3333333333333,6.1496066662364,95.6666666666667,6.28950966263903
52.3333333333333,6.37617845117845,45.0,6.13399470899471,97.3333333333333,6.26407980145094
51.3333333333333,6.31230967613946,45.3333333333333,6.02112234077088,96.6666666666667,6.17290249433107
50.6666666666667,6.36674077962717,43.6666666666667,5.97512919896641,94.3333333333333,6.18479532163742
49.6666666666667,6.35807266050233,43.3333333333333,5.96035378525482,93.0,6.17290839823739
53.0,6.47068462401796,45.6666666666667,5.88864631123767,98.6666666666667,6.19978698550127
55.3333333333333,6.60666287083496,43.3333333333333,6.07079945799458,98.6666666666667,6.37126365697794
54.6666666666667,6.66608187134503,43.6666666666667,6.2347768375643,98.3333333333333,6.47454133168419
53.6666666666667,6.68306182121972,43.0,6.39668021680217,96.6666666666667,6.55541237113402
55.0,6.75487450483797,41.3333333333333,6.4576049453709,96.3333333333333,6.62197412723728
57.0,6.68869100268973,41.6666666666667,6.28504280678194,98.6666666666667,6.51735037449323
55.3333333333333,6.6391478267081,41.3333333333333,6.27338501291989,96.6666666666667,6.48281786941581
55.0,6.62788723099458,40.6666666666667,6.27784153830665,95.6666666666667,6.4753639016841
53.6666666666667,6.61818694426372,40.3333333333333,6.37805206649256,94.0,6.50621095061604
55.3333333333333,6.61857923497268,39.3333333333333,6.43462569372616,94.6666666666667,6.53095926629761
55.0,6.69539865252727,38.3333333333333,6.43167144906743,93.3333333333333,6.57770220371027
58.6666666666667,6.8429155340582,38.3333333333333,6.4493543758967,97.0,6.67504470088057
57.0,6.90497121244187,41.3333333333333,6.53349282296651,98.3333333333333,6.74469783748134
58.3333333333333,6.96254609814531,40.6666666666667,6.58832134220975,99.0,6.80471380471381
57.3333333333333,7.10002658160553,41.0,6.5741452991453,98.3333333333333,6.87403242042417
57.0,7.20375025905802,39.6666666666667,6.62495983548615,96.6666666666667,6.96418660790415
55.6666666666667,7.18959435626102,40.0,6.74847374847375,95.6666666666667,7.0031067251462
59.3333333333333,7.20047080979285,38.3333333333333,6.84300494826811,97.6666666666667,7.0611894242233
60.0,7.24749721913237,38.3333333333333,6.89959696538644,98.3333333333333,7.10880918023775
59.3333333333333,7.23282169695925,37.3333333333333,6.9551920341394,96.6666666666667,7.12553938507886
59.6666666666667,7.08371019408329,37.6666666666667,6.98245614035088,97.3333333333333,7.04655612244898
59.3333333333333,7.07789108787294,38.0,6.99897660818714,97.3333333333333,7.05004404005693
60.0,7.14518560391935,36.6666666666667,7.02405120052179,96.6666666666667,7.10106377873993
62.0,7.25958385876419,36.3333333333333,7.162267471091,98.3333333333333,7.22565864833906
61.6666666666667,7.41543079096045,37.0,7.28035241123476,98.6666666666667,7.36861815433244
61.6666666666667,7.41679887184911,36.3333333333333,7.31231231231231,98.0,7.37833733930936
62.0,7.42063492063492,35.6666666666667,7.39206349206349,97.6666666666667,7.40914459218031
61.6666666666667,7.42659949908925,36.6666666666667,7.45841631104789,98.3333333333333,7.43923773820681
62.0,7.51075268817205,36.6666666666667,7.39214214214214,98.6666666666667,7.46670789527932
61.0,7.51494441406962,36.6666666666667,7.29142300194932,97.6666666666667,7.43014937933937
60.6666666666667,7.31790048598198,36.6666666666667,7.17449705344442,97.3333333333333,7.25963827317211
62.6666666666667,7.32694342694343,36.0,7.24200206398349,98.6666666666667,7.29083350511922
61.6666666666667,7.37136528461959,36.6666666666667,7.22467320261438,98.3333333333333,7.31251288394145
63.3333333333333,7.46171391332682,35.6666666666667,7.22140322140322,99.0,7.37373737373737
64.6666666666667,7.53106222327641,34.3333333333333,7.37026611865321,99.0,7.47474747474748
64.0,7.56832427487626,34.6666666666667,7.36458333333333,98.6666666666667,7.51047893905037
63.6666666666667,7.6776643100288,33.6666666666667,7.34874551971326,97.3333333333333,7.57840662038011
64.0,7.61606710039546,33.3333333333333,7.34948830409357,97.3333333333333,7.5381476779973
64.0,7.67555647545529,33.6666666666667,7.3482545045045,97.6666666666667,7.5719611076754
64.3333333333333,7.74390924167044,33.3333333333333,7.27221279003961,97.6666666666667,7.59380040676065
64.0,7.74267465957322,32.6666666666667,7.33055246570263,96.6666666666667,7.6114904344809
64.3333333333333,7.77025575060533,33.0,7.43471459096459,97.3333333333333,7.66099773242631
65.3333333333333,7.80851619644723,32.6666666666667,7.3761277302944,98.0,7.67212697845982
65.3333333333333,7.85291709412824,33.0,7.39061302681992,98.3333333333333,7.71603793032364
66.3333333333333,7.93564527260179,32.3333333333333,7.3523199023199,98.6666666666667,7.7672644815502
67.6666666666667,7.94470511567286,30.6666666666667,7.44376634699215,98.3333333333333,7.8173487451838
67.0,7.89868686868687,31.0,7.53624316166761,98.0,7.81628792306259
65.6666666666667,7.85550935923192,33.0,7.43879210220674,98.6666666666667,7.73572459286745
66.6666666666667,7.82224070613095,32.0,7.41734417344174,98.6666666666667,7.71954236239951
65.6666666666667,7.81877981887267,32.3333333333333,7.36763703120902,98.0,7.69675925925926
66.6666666666667,7.79865034526051,31.3333333333333,7.39188008335014,98.0,7.69329383320547
65.6666666666667,7.79271458908549,31.3333333333333,7.26763668430335,97.0,7.65204124579125
66.0,7.82012996769589,31.0,7.35225885225885,97.0,7.6903834128153
65.6666666666667,7.81585368178266,30.6666666666667,7.38955837870538,96.3333333333333,7.69870418098511
66.3333333333333,7.83732806193889,31.3333333333333,7.35246913580247,97.6666666666667,7.70618556701031
66.0,7.88770234765658,32.0,7.46565559812686,98.0,7.76851727882656
66.6666666666667,7.92059252064109,32.3333333333333,7.4581881533101,99.0,7.78787878787879
66.0,7.96797141335435,32.6666666666667,7.51587301587301,98.6666666666667,7.83790283790284
65.0,7.98397290092205,32.6666666666667,7.5292616334283,97.6666666666667,7.85633634897258
65.3333333333333,7.94399783501144,33.3333333333333,7.51143292682927,98.6666666666667,7.82422868137154
63.3333333333333,7.9410508573552,34.6666666666667,7.55322128851541,98.0,7.83325115946618
64.0,7.91195295932138,34.0,7.58436279167986,98.0,7.82312925170068
65.0,7.92585814935669,33.3333333333333,7.51176426510809,98.3333333333333,7.81068416119963
64.6666666666667,7.93072808833678,33.3333333333333,7.50555555555556,98.0,7.80797558922559
65.3333333333333,7.93771370617212,32.3333333333333,7.57692618643383,97.6666666666667,7.83888416477702
66.6666666666667,7.97830822600691,31.6666666666667,7.60073571024335,98.3333333333333,7.87424068867368
65.6666666666667,8.05951632717196,32.6666666666667,7.63845081640781,98.3333333333333,7.93547722119151
66.0,8.1075682815869,32.0,7.61946818613485,98.0,7.966333508307
67.6666666666667,8.13135464231355,30.0,7.61091377091377,97.6666666666667,7.98656988568623
67.3333333333333,8.15502645502646,31.0,7.80721747388414,98.3333333333333,8.05661425249054
66.0,8.11667951323196,32.0,7.85647451963241,98.0,8.04001973589602
66.6666666666667,8.08287745798462,31.0,7.84935510222866,97.6666666666667,8.02394978610001
68.3333333333333,8.08883908844139,29.6666666666667,7.91878306878307,98.0,8.05442176870749
67.6666666666667,8.11028493364559,30.6666666666667,7.89291944464358,98.3333333333333,8.06077784649213
69.0,8.11921160130719,29.6666666666667,7.84809991317705,98.6666666666667,8.06067477496049
69.6666666666667,8.09260364842454,28.6666666666667,7.91666666666667,98.3333333333333,8.05737790273873
71.0,8.10131466774353,27.0,7.90522466039708,98.0,8.05466935290205
70.6666666666667,8.09523416479768,26.6666666666667,7.86111111111111,97.3333333333333,8.04040187094311
71.3333333333333,8.14394862029133,26.6666666666667,7.82829775588396,98.0,8.07142857142857
72.6666666666667,8.18241738082134,26.0,7.95238095238095,98.6666666666667,8.13505806362949
71.6666666666667,8.16365947835361,26.3333333333333,7.78881492859988,98.0,8.08163265306122
72.0,8.09313725490196,26.0,7.91252204585538,98.0,8.05834627925939
70.3333333333333,8.12624140565317,27.6666666666667,7.90566222570533,98.0,8.07497798661274
70.6666666666667,8.14804695060168,27.3333333333333,7.87308012660336,98.0,8.08202262473249
71.6666666666667,8.13123603871929,27.0,7.83906810035842,98.6666666666667,8.07081014223871
70.0,8.1681016592409,27.6666666666667,7.90291711683902,97.6666666666667,8.11964373378217
70.3333333333333,8.17383481811972,27.6666666666667,7.94287634408602,98.0,8.12599556119438
71.6666666666667,8.15518225735617,27.0,7.97960526315789,98.6666666666667,8.12159005016148
71.6666666666667,8.156279342723,27.0,7.87770897832817,98.6666666666667,8.0911839483268
71.0,8.16581196581196,27.0,7.83340845916911,98.0,8.0848063973064
72.6666666666667,8.18125244117961,25.6666666666667,7.84939134939135,98.3333333333333,8.09792078864244
72.3333333333333,8.18596229801075,25.3333333333333,7.8583197167756,97.6666666666667,8.11265074211503
72.6666666666667,8.19047092579431,25.0,7.88518518518519,97.6666666666667,8.12280884445833
73.0,8.17659618573798,25.6666666666667,7.89513508981534,98.6666666666667,8.10795025080739
73.3333333333333,8.24285714285714,25.0,7.85471981358249,98.3333333333333,8.14932833489534
73.3333333333333,8.30052264808362,24.0,7.82564389101745,97.3333333333333,8.19611185250283
75.3333333333333,8.21598522415169,23.0,7.76385836385836,98.3333333333333,8.1254724111867
74.6666666666667,8.24610519372175,23.3333333333333,7.77953296703297,98.0,8.1494979955952
75.6666666666667,8.26699056287068,21.6666666666667,7.58239398819109,97.3333333333333,8.13331922880795
74.6666666666667,8.31389118587186,22.0,7.61137949543747,96.6666666666667,8.17225085910653
75.0,8.35072649979379,22.0,7.54147688060731,97.0,8.1882766001307
76.0,8.33057204372157,21.6666666666667,7.42988505747126,97.6666666666667,8.1468195525633
77.6666666666667,8.32258964549969,21.0,7.43257918552036,98.6666666666667,8.14182642754071
78.0,8.3342789146002,20.0,7.46913580246914,98.0,8.1700807783282
77.6666666666667,8.3233024691358,20.6666666666667,7.49581708901884,98.3333333333333,8.15887396299767
79.6666666666667,8.32168489382712,19.3333333333333,7.43544117647059,99.0,8.14814814814815
79.6666666666667,8.28046432304561,18.3333333333333,7.54444444444444,98.0,8.14311110261036
80.3333333333333,8.26917678079802,18.0,7.57809523809524,98.3333333333333,8.14519768128015
81.3333333333333,8.23656879470833,17.0,7.54716117216117,98.3333333333333,8.11846354703498
81.0,8.23310526674698,17.0,7.53421684879485,98.0,8.11565475924828
81.6666666666667,8.27732683982684,16.6666666666667,7.62053872053872,98.3333333333333,8.17614924757782
81.6666666666667,8.27218027487847,16.6666666666667,7.55716586151369,98.3333333333333,8.17001631434621
80.3333333333333,8.25546476709267,17.3333333333333,7.70595662507427,97.6666666666667,8.17020828950137
79.3333333333333,8.27027295631947,17.6666666666667,7.73540106951872,97.0,8.18713596445555
80.0,8.26474758933636,17.6666666666667,7.75369532428356,97.6666666666667,8.1857005428434
81.0,8.33874621591795,16.3333333333333,7.7,97.3333333333333,8.23707833648923
82.3333333333333,8.33758611552729,16.6666666666667,7.72805194805195,99.0,8.23905723905724
82.3333333333333,8.34433614901451,15.0,7.75750517598344,97.3333333333333,8.25861262101863
81.3333333333333,8.31214964964965,15.3333333333333,7.69047619047619,96.6666666666667,8.21327254305978
83.0,8.24559071450638,15.3333333333333,7.66123188405797,98.3333333333333,8.15319865319865
82.3333333333333,8.2880569172704,16.6666666666667,7.72,99.0,8.18518518518518
81.6666666666667,8.30449783847975,17.3333333333333,7.72,99.0,8.1952861952862
82.0,8.28316599732263,16.3333333333333,7.75833333333333,98.3333333333333,8.19016697588126
82.6666666666667,8.21491628614916,15.0,7.60076799207234,97.6666666666667,8.11561190132619
81.3333333333333,8.20132216520094,16.6666666666667,7.72751322751323,98.0,8.09523809523809
82.3333333333333,8.19041394335512,16.0,7.68406593406593,98.3333333333333,8.09039373325087
83.6666666666667,8.1283086554843,15.3333333333333,7.84065934065934,99.0,8.06734006734007
82.3333333333333,8.14926908565952,15.0,7.8513431013431,97.3333333333333,8.08783925941511
83.0,8.1596958219768,14.6666666666667,7.86920634920635,97.6666666666667,8.10512658671716
83.3333333333333,8.15683619377526,15.3333333333333,7.90074074074074,98.6666666666667,8.09747131175702
83.3333333333333,8.13315904139434,14.3333333333333,7.8459595959596,97.6666666666667,8.07836227925514
84.0,8.1892975734355,14.6666666666667,7.98484848484849,98.6666666666667,8.15299251013537
84.3333333333333,8.21036846036846,14.6666666666667,7.95424242424242,99.0,8.16498316498316
84.0,8.22948857948858,13.6666666666667,8.07873015873016,97.6666666666667,8.18431740081224
83.3333333333333,8.22379677741038,13.6666666666667,8.17,97.0,8.187432867884
84.6666666666667,8.2392759051186,13.6666666666667,8.24074074074074,98.3333333333333,8.22499913221563
85.3333333333333,8.22270260001086,12.6666666666667,8.23424723424723,98.0,8.20663681488424
85.3333333333333,8.16232536884711,13.0,8.25005751092707,98.3333333333333,8.15599291887952
84.3333333333333,8.15342612341227,13.3333333333333,8.14291465378422,97.6666666666667,8.13613387274101
84.6666666666667,8.18515508488285,12.6666666666667,8.101966873706,97.3333333333333,8.15739384536377
85.6666666666667,8.17141706924315,12.3333333333333,8.10064935064935,98.0,8.14589686754635
85.0,8.14902905313864,12.6666666666667,8.11464803312629,97.6666666666667,8.12385547653405
85.3333333333333,8.1749938949939,13.3333333333333,8.05687830687831,98.6666666666667,8.14591493162922
85.0,8.22869345630215,13.3333333333333,8.09854497354497,98.3333333333333,8.20174251102086
84.6666666666667,8.28084603927301,13.6666666666667,8.14484126984127,98.3333333333333,8.2617673331959
84.6666666666667,8.26545676545676,13.3333333333333,8.2771164021164,98.0,8.26438202064123
85.3333333333333,8.20915045480263,13.6666666666667,8.28656084656085,99.0,8.21548821548822
83.6666666666667,8.20251679400342,14.0,8.20833333333333,97.6666666666667,8.18950912635123
83.6666666666667,8.21841021704236,14.0,8.08333333333333,97.6666666666667,8.18151111454683
83.6666666666667,8.2025250978864,13.6666666666667,8.23809523809524,97.3333333333333,8.18003920334747
83.3333333333333,8.18581515103254,14.3333333333333,8.26580459770115,97.6666666666667,8.17140051897048
83.6666666666667,8.23473670404617,14.6666666666667,8.2181855500821,98.3333333333333,8.21125342774827
83.3333333333333,8.23356673723063,14.6666666666667,8.26825396825397,98.0,8.21464646464646
83.3333333333333,8.23297630338513,15.0,8.31336405529954,98.3333333333333,8.21452621452622
83.3333333333333,8.24850781924111,15.3333333333333,8.31101190476191,98.6666666666667,8.23002130144987
83.3333333333333,8.25119825708061,15.0,8.24641577060932,98.3333333333333,8.23314780457638
83.0,8.27330381061725,14.6666666666667,8.2452636968766,97.6666666666667,8.25275264745073
82.6666666666667,8.26931511563625,15.6666666666667,8.18458781362007,98.3333333333333,8.23930021868166
82.6666666666667,8.26349327841865,15.0,8.20740740740741,97.6666666666667,8.23808532055955
84.0,8.27555860901427,14.0,8.16794380587484,98.0,8.24926663365544
83.3333333333333,8.30246313891558,14.6666666666667,8.17777777777778,98.0,8.26742989187761
83.6666666666667,8.36044118818936,14.3333333333333,8.22857142857143,98.0,8.31544612794613
83.6666666666667,8.343332360868,13.6666666666667,8.22307692307692,97.3333333333333,8.30250850340136
83.3333333333333,8.34231847964242,14.3333333333333,8.26172839506173,97.6666666666667,8.29732099025177
83.6666666666667,8.35347492619213,14.0,8.2647619047619,97.6666666666667,8.32032699443414
84.3333333333333,8.37148365374172,14.3333333333333,8.33456790123457,98.6666666666667,8.34687006115578
84.3333333333333,8.39713393614525,13.6666666666667,8.3,98.0,8.37692656985736
86.0,8.36616304087975,12.3333333333333,8.2402576489533,98.3333333333333,8.35229849515564
84.3333333333333,8.37822966507177,13.3333333333333,8.2051282051282,97.6666666666667,8.35980983302412
84.3333333333333,8.36728003039679,13.0,8.18660968660968,97.3333333333333,8.34850039962822
84.6666666666667,8.33887442913918,13.6666666666667,8.19382716049383,98.3333333333333,8.31629217343503
85.0,8.37130707151775,13.0,8.12345679012346,98.0,8.35082503271015
84.3333333333333,8.35944512862616,12.6666666666667,8.12962962962963,97.0,8.34311868686869
83.3333333333333,8.3686799257302,13.6666666666667,8.28968253968254,97.0,8.3594343000358
84.3333333333333,8.33946996401557,14.0,8.32835249042145,98.3333333333333,8.34031031969176
84.3333333333333,8.38104921394395,13.6666666666667,8.29757343550447,98.0,8.36633180815802
85.3333333333333,8.41640516921416,11.6666666666667,8.23166666666667,97.0,8.38372365360971
86.3333333333333,8.38866933944254,12.0,8.2275641025641,98.3333333333333,8.359410430839
86.6666666666667,8.38385160339801,12.0,7.94749694749695,98.6666666666667,8.35789871504157
87.0,8.35186880244088,10.6666666666667,8.30555555555556,97.6666666666667,8.34115295602777
87.6666666666667,8.34139439753514,10.6666666666667,8.30555555555556,98.3333333333333,8.33244004672576
87.6666666666667,8.3421484696851,10.0,8.3030303030303,97.6666666666667,8.33066850477565
88.0,8.36603442376638,10.3333333333333,8.3030303030303,98.3333333333333,8.35183449616439
90.0,8.34471759243796,9.0,8.71111111111111,99.0,8.32659932659933
89.0,8.31792948481778,9.33333333333333,8.54444444444444,98.3333333333333,8.30543530543531
89.3333333333333,8.2928807142309,9.33333333333333,8.54444444444444,98.6666666666667,8.28691678691678
89.3333333333333,8.27333515245055,9.66666666666667,8.51587301587302,99.0,8.26936026936027
89.3333333333333,8.26108436237302,8.66666666666667,8.46296296296296,98.0,8.25157741947138
88.3333333333333,8.27302508204407,9.33333333333333,8.50501253132832,97.6666666666667,8.2626411389298
88.0,8.27719017094017,9.66666666666667,8.51904761904762,97.6666666666667,8.26611263061925
88.3333333333333,8.32049717381525,10.0,8.5,98.3333333333333,8.30112117740983
89.3333333333333,8.34756934673795,9.66666666666667,8.5,99.0,8.31986531986532
89.6666666666667,8.36342583455046,8.33333333333333,8.58245614035088,98.0,8.32670454545454
89.3333333333333,8.3562726093782,8.33333333333333,8.58245614035088,97.6666666666667,8.32108021798744
89.3333333333333,8.37605367028087,8.66666666666667,8.41578947368421,98.0,8.34328380941046
90.0,8.41390794672383,8.66666666666667,8.43333333333333,98.6666666666667,8.38170823885109
90.0,8.46745695229649,8.66666666666667,8.46491228070175,98.6666666666667,8.42575414003985
90.0,8.47691778494439,8.33333333333333,8.53703703703704,98.3333333333333,8.42042417300149
90.3333333333333,8.46813529491238,7.66666666666667,8.54901960784314,98.0,8.41138398502169
91.0,8.49442205416129,7.0,5.1875,98.0,8.42517006802721
90.6666666666667,8.46789086790601,7.0,5.20833333333333,97.6666666666667,8.40616452766674
91.6666666666667,8.44855899348987,7.0,5.38888888888889,98.6666666666667,8.41180512609083
91.6666666666667,8.48568205699958,7.0,5.33333333333333,98.6666666666667,8.44248608534323
91.6666666666667,8.50144466388706,6.33333333333333,5.28571428571429,98.0,8.45578231292517
91.6666666666667,8.44888636753892,6.0,5.30769230769231,97.6666666666667,8.41265165860158
93.0,8.45200562444501,5.66666666666667,5.25641025641026,98.6666666666667,8.40885040885041
92.3333333333333,8.47454350161117,5.66666666666667,5.33333333333333,98.0,8.43901990661931
93.0,8.43958072346082,5.33333333333333,5.36111111111111,98.3333333333333,8.41321377035663
93.3333333333333,8.39880279745641,5.33333333333333,5.36111111111111,98.6666666666667,8.37531780388923
92.3333333333333,8.43098189513365,5.66666666666667,5.32222222222222,98.0,8.4047619047619
92.6666666666667,8.43300445736727,5.33333333333333,5.26666666666667,98.0,8.40169809462887
92.3333333333333,8.45221152290704,5.66666666666667,5.29444444444444,98.0,8.42190507359874
92.6666666666667,8.45237193136668,5.33333333333333,5.26666666666667,98.0,8.41905626147158
92.6666666666667,8.42682369390444,5.66666666666667,5.33838383838384,98.3333333333333,8.39957397100254
92.3333333333333,8.46111997836136,6.66666666666667,5.22222222222222,99.0,8.41750841750841
92.6666666666667,8.47505864921595,6.0,5.2,98.6666666666667,8.43217893217893
91.6666666666667,8.4458089668616,5.33333333333333,5.25,97.0,8.41149301825993
91.6666666666667,8.44614413364413,6.33333333333333,5.31818181818182,98.0,8.41771885521886
92.6666666666667,8.4563307063307,5.66666666666667,5.39047619047619,98.3333333333333,8.43750429464715
91.6666666666667,8.48654307507465,5.66666666666667,5.39047619047619,97.3333333333333,8.46579844840154
93.0,8.47596034016929,5.33333333333333,5.48677248677249,98.3333333333333,8.46468082182368
93.0,8.45166229657471,5.33333333333333,5.48677248677249,98.3333333333333,8.4407338693053
92.6666666666667,8.41739279239279,6.0,5.55,98.6666666666667,8.41262969834398
92.3333333333333,8.43635990111786,5.66666666666667,5.53809523809524,98.0,8.43182438027799
92.3333333333333,8.43106063795719,6.0,5.38961038961039,98.3333333333333,8.41056826771112
92.6666666666667,8.42829216704779,6.0,5.38961038961039,98.6666666666667,8.40905655191369
91.3333333333333,8.43778966131907,6.33333333333333,5.35984848484849,97.6666666666667,8.41351439565725
93.6666666666667,8.46446096826669,5.33333333333333,5.34444444444444,99.0,8.44107744107744
93.0,8.45892255892256,5.0,5.31481481481481,98.0,8.43234427609428
93.3333333333333,8.45898330714556,4.33333333333333,5.15873015873016,97.6666666666667,8.42608212711306
94.0,8.45984915705413,4.33333333333333,5.20634920634921,98.3333333333333,8.43008314436886
94.6666666666667,8.43923804489418,4.0,5.0952380952381,98.6666666666667,8.40847247990105
93.3333333333333,8.44368287993105,4.0,5.0952380952381,97.3333333333333,8.41204679961123
92.6666666666667,8.47063091628186,4.0,5.14285714285714,96.6666666666667,8.44122696260854
93.3333333333333,8.46315194004115,4.0,5.14285714285714,97.3333333333333,8.43373450820259
93.3333333333333,8.45996892882579,3.66666666666667,5.14285714285714,97.0,8.43486952861953
94.0,8.47887244728657,3.66666666666667,5.14285714285714,97.6666666666667,8.45329265726909
95.3333333333333,8.50136991578639,3.33333333333333,5.27777777777778,98.6666666666667,8.48378341235484
93.6666666666667,8.48391725777825,4.33333333333333,5.34166666666667,98.0,8.46494186553097
94.0,8.47608915906788,4.66666666666667,5.37777777777778,98.6666666666667,8.45550745550746
94.6666666666667,8.47400318979266,4.33333333333333,5.44444444444444,99.0,8.46127946127946
94.0,8.52649071358749,4.33333333333333,5.44444444444444,98.3333333333333,8.51161095490992
94.3333333333333,8.51477183179311,4.33333333333333,5.55555555555556,98.6666666666667,8.50989486703773
94.6666666666667,8.52324982030038,4.33333333333333,5.67777777777778,99.0,8.52525252525253
94.3333333333333,8.53478982970883,4.0,5.7,98.3333333333333,8.53555967841682
94.3333333333333,8.57681088644473,3.66666666666667,5.64814814814815,98.0,8.57144360269361
94.0,8.56639075159814,3.66666666666667,5.64814814814815,97.6666666666667,8.56278575225944
93.6666666666667,8.53581111870585,3.33333333333333,5.58333333333333,97.0,8.52885677466863
95.3333333333333,8.56060259185259,3.33333333333333,5.58333333333333,98.6666666666667,8.55411255411256
95.6666666666667,8.55992840684661,3.0,5.5,98.6666666666667,8.55088297945441
96.0,8.54756231671554,3.0,5.61111111111111,99.0,8.54545454545455
96.0,8.55050165634843,2.33333333333333,5.46666666666667,98.3333333333333,8.54542018827733
95.6666666666667,8.53626373961151,2.66666666666667,5.57777777777778,98.3333333333333,8.5325072026103
95.6666666666667,8.57141812865497,2.0,5.66666666666667,97.6666666666667,8.57021103896104
96.0,8.53458092180623,2.33333333333333,5.69444444444444,98.3333333333333,8.53580478322746
96.0,8.53466040671588,2.33333333333333,5.69444444444444,98.3333333333333,8.53562839277125
95.3333333333333,8.51767228630583,2.33333333333333,5.69444444444444,97.6666666666667,8.51900810829382
96.6666666666667,8.52420255183413,2.0,5.77777777777778,98.6666666666667,8.52703909846767
95.3333333333333,8.53154550827423,2.0,5.77777777777778,97.3333333333333,8.53436751535978
96.6666666666667,8.56251107566897,2.0,5.77777777777778,98.6666666666667,8.564282278568
95.3333333333333,8.57025709219858,2.0,5.77777777777778,97.3333333333333,8.57206732271165
96.6666666666667,8.55538388268651,1.66666666666667,5.66666666666667,98.3333333333333,8.55603655603656
96.6666666666667,8.55203017012227,1.66666666666667,5.66666666666667,98.3333333333333,8.55291749106182
96.6666666666667,8.57574096225412,2.0,5.77777777777778,98.6666666666667,8.57785336356765
94.0,8.53230026501916,2.33333333333333,5.61111111111111,96.3333333333333,8.52987213749286
94.6666666666667,8.52123726456355,3.0,5.7,97.6666666666667,8.52275948258091
95.0,8.52489199737118,3.33333333333333,5.66666666666667,98.3333333333333,8.52528688242974
94.0,8.51272610550961,3.33333333333333,5.66666666666667,97.3333333333333,8.51374570446735
95.0,8.49296221921263,3.33333333333333,5.66666666666667,98.3333333333333,8.49494949494949
95.6666666666667,8.45097494469311,3.33333333333333,5.66666666666667,99.0,8.45454545454545
95.3333333333333,8.4307502947091,2.66666666666667,5.58333333333333,98.0,8.43076599326599
96.0,8.43662728249195,2.66666666666667,5.58333333333333,98.6666666666667,8.43609565038136
96.3333333333333,8.47279060747106,2.33333333333333,5.52777777777778,98.6666666666667,8.4700061842919
95.0,8.4994685130973,2.0,5.33333333333333,97.0,8.49073976669706
95.0,8.52688172043011,2.0,5.33333333333333,97.0,8.51736111111111
93.6666666666667,8.5239055729867,2.33333333333333,5.30555555555556,96.0,8.51295178453005
94.6666666666667,8.53935337575891,2.66666666666667,5.35555555555556,97.3333333333333,8.52997448979592
95.3333333333333,8.46056922301366,3.0,5.3,98.3333333333333,8.44854038668471
94.6666666666667,8.42745756952179,3.66666666666667,5.25555555555556,98.3333333333333,8.41077441077441
93.6666666666667,8.442253100254,4.0,5.33333333333333,97.6666666666667,8.4271688056666
95.0,8.44364526867713,3.66666666666667,5.32222222222222,98.6666666666667,8.42963650106507
94.3333333333333,8.41960268435903,3.33333333333333,5.22222222222222,97.6666666666667,8.40371401085687
96.0,8.40713405047112,3.0,5.16666666666667,99.0,8.39057239057239
96.3333333333333,8.39217977648829,2.66666666666667,5.22222222222222,99.0,8.38047138047138
96.0,8.37221034533465,2.66666666666667,5.22222222222222,98.6666666666667,8.36075036075036
95.0,8.36629617522066,2.66666666666667,5.22222222222222,97.6666666666667,8.35493372606775
94.6666666666667,8.35311534419503,2.66666666666667,5.22222222222222,97.3333333333333,8.34174907076233
95.0,8.35928563645138,3.33333333333333,5.26984126984127,98.3333333333333,8.3491032776747
94.0,8.33950586024319,3.33333333333333,5.26984126984127,97.3333333333333,8.33042800453515
93.6666666666667,8.34169960474308,3.33333333333333,5.17460317460318,97.0,8.32624088598044
94.0,8.35957360611739,3.66666666666667,5.11904761904762,97.6666666666667,8.34038151343012
94.0,8.39860907142013,3.66666666666667,5.11904761904762,97.6666666666667,8.37800687285223
93.6666666666667,8.41161692390087,4.0,5.26666666666667,97.6666666666667,8.39613680666312
94.3333333333333,8.39251379038613,4.33333333333333,5.26666666666667,98.6666666666667,8.37789459218031
95.0,8.43887456121499,4.0,5.31428571428571,99.0,8.42760942760943
95.3333333333333,8.46263204123616,3.33333333333333,5.27777777777778,98.6666666666667,8.45217480931767
94.6666666666667,8.46833072364987,3.33333333333333,5.27777777777778,98.0,8.4575887212117
94.3333333333333,8.44425969035214,3.33333333333333,5.27777777777778,97.6666666666667,8.43469054809261
93.3333333333333,8.46061594247484,3.33333333333333,5.27777777777778,96.6666666666667,8.45150394395414
94.6666666666667,8.39736540664376,3.0,5.26190476190476,97.6666666666667,8.39407823943906
95.3333333333333,8.39823970825444,3.33333333333333,5.29166666666667,98.6666666666667,8.39672232529375
94.6666666666667,8.40187094310806,3.33333333333333,5.25,98.0,8.39740096809316
94.3333333333333,8.4135294799027,3.33333333333333,5.16666666666667,97.6666666666667,8.40143705092159
94.6666666666667,8.41406811515566,3.0,5.16666666666667,97.6666666666667,8.4038321357909
95.6666666666667,8.44585113292292,2.66666666666667,5.22222222222222,98.3333333333333,8.43839758125472
96.3333333333333,8.4521433304678,2.66666666666667,5.06666666666667,99.0,8.43771043771044
96.6666666666667,8.46593854018728,2.33333333333333,4.76666666666667,99.0,8.44444444444444
96.0,8.43691371285357,2.0,4.83333333333333,98.0,8.42119384461063
96.3333333333333,8.39662807149509,2.0,4.83333333333333,98.3333333333333,8.38174259602832
95.6666666666667,8.37982663514579,2.0,4.83333333333333,97.6666666666667,8.36541005291005
95.6666666666667,8.39244311386369,2.0,4.83333333333333,97.6666666666667,8.37793674170699
96.3333333333333,8.41176751402315,2.0,4.83333333333333,98.3333333333333,8.39716896859754
96.3333333333333,8.43965717866094,2.0,4.83333333333333,98.3333333333333,8.42420806706521
96.0,8.44478001820393,2.0,4.83333333333333,98.0,8.42900425816479
96.3333333333333,8.44547200730711,2.33333333333333,4.9,98.6666666666667,8.43159486016629
96.3333333333333,8.43994988125351,2.0,5.06666666666667,98.3333333333333,8.43300350443208
97.0,8.451358278106,1.66666666666667,2.73333333333333,98.6666666666667,8.44863602006459
96.0,8.52367164850356,1.66666666666667,2.73333333333333,97.6666666666667,8.52001110763997
96.3333333333333,8.49213749213749,1.66666666666667,2.73333333333333,98.0,8.48874158249158
96.0,8.53423711189287,1.66666666666667,2.73333333333333,97.6666666666667,8.53038980874033
96.0,8.53938731018402,1.66666666666667,2.73333333333333,97.6666666666667,8.53492531033032
96.0,8.59074873944887,1.66666666666667,2.73333333333333,97.6666666666667,8.58540733798466
95.6666666666667,8.58755496434246,1.66666666666667,2.73333333333333,97.3333333333333,8.58254435794936
96.6666666666667,8.55984241035787,1.66666666666667,2.73333333333333,98.3333333333333,8.55479190530737
96.6666666666667,8.53907393005879,1.66666666666667,2.73333333333333,98.3333333333333,8.53438161685584
96.3333333333333,8.51920864964343,2.33333333333333,2.76190476190476,98.6666666666667,8.51467051467052
95.6666666666667,8.52251082251082,2.33333333333333,2.76190476190476,98.0,8.51895984885676
95.6666666666667,8.54400881822922,2.33333333333333,2.76190476190476,98.0,8.54049542341148
96.6666666666667,8.53807431631516,1.66666666666667,2.73333333333333,98.3333333333333,8.53427748273109
97.0,8.51463908150838,1.33333333333333,2.58333333333333,98.3333333333333,8.50573764859479
97.0,8.47520566489639,1.33333333333333,2.58333333333333,98.3333333333333,8.46645145614218
95.6666666666667,8.49624204520518,1.33333333333333,2.58333333333333,97.0,8.48645007831311
96.3333333333333,8.54189888282578,1.33333333333333,2.58333333333333,97.6666666666667,8.53183953993969
96.3333333333333,8.53293605604879,1.33333333333333,2.58333333333333,97.6666666666667,8.52299628588288
96.0,8.54456954241273,1.33333333333333,2.58333333333333,97.3333333333333,8.53383057377903
97.6666666666667,8.54244196349459,1.0,2.66666666666667,98.6666666666667,8.53707139421425
97.0,8.56512658792294,1.66666666666667,2.8,98.6666666666667,8.56380127808699
96.6666666666667,8.53392826664716,2.0,2.72222222222222,98.6666666666667,8.52752009894867
97.0,8.50678831323993,2.0,2.72222222222222,99.0,8.5016835016835
96.0,8.5190617206865,1.66666666666667,2.6,97.6666666666667,8.50834560628375
97.3333333333333,8.49838813668601,1.66666666666667,2.6,99.0,8.48821548821549
97.3333333333333,8.51745005900934,1.0,2.66666666666667,98.3333333333333,8.5133465236558
97.0,8.50266816376239,1.0,2.66666666666667,98.0,8.49871992950049
98.0,8.51167929292929,1.0,2.66666666666667,99.0,8.50841750841751
97.6666666666667,8.52109530680959,1.0,2.66666666666667,98.6666666666667,8.51772830344259
97.6666666666667,8.50401978973407,1.0,2.66666666666667,98.6666666666667,8.50065278636707
97.3333333333333,8.51930654058314,1.0,2.66666666666667,98.3333333333333,8.51470026727758
97.6666666666667,8.51394648236754,1.0,2.66666666666667,98.6666666666667,8.50975743832887
97.0,8.5067442407868,1.33333333333333,2.83333333333333,98.3333333333333,8.5079021507593
97.6666666666667,8.47928406875775,1.33333333333333,2.83333333333333,99.0,8.48148148148148
97.3333333333333,8.44272512357619,1.33333333333333,2.83333333333333,98.6666666666667,8.44547515976087
95.0,8.47139458479664,1.66666666666667,2.66666666666667,96.6666666666667,8.46509879725086
95.6666666666667,8.48260918573761,1.66666666666667,2.66666666666667,97.3333333333333,8.4765199243292
95.6666666666667,8.51908464998903,1.66666666666667,2.66666666666667,97.3333333333333,8.51268424036281
96.0,8.49958591289236,1.66666666666667,2.66666666666667,97.6666666666667,8.49373410980554
96.0,8.48713398402839,1.66666666666667,2.66666666666667,97.6666666666667,8.4807840662038
96.3333333333333,8.48332118435211,1.66666666666667,2.66666666666667,98.0,8.47765225011175
96.6666666666667,8.5485807848168,1.66666666666667,2.66666666666667,98.3333333333333,8.54177513971328
97.0,8.5954910225427,1.66666666666667,2.66666666666667,98.6666666666667,8.58761080189652
96.3333333333333,8.60956197604019,2.0,2.72222222222222,98.3333333333333,8.60293658231802
95.6666666666667,8.59561972964035,2.33333333333333,2.71428571428571,98.0,8.58750879295798
96.0,8.59429988001417,2.33333333333333,2.71428571428571,98.3333333333333,8.58592730021302
95.6666666666667,8.58269772555487,2.66666666666667,2.75,98.3333333333333,8.57589500446643
96.0,8.54021375449947,2.33333333333333,2.85714285714286,98.3333333333333,8.54256854256854
96.0,8.5224930759205,2.0,2.94444444444444,98.0,8.52998737373737
96.3333333333333,8.51096290923419,1.66666666666667,2.86666666666667,98.0,8.5133627946128
97.0,8.4983164983165,1.0,2.88888888888889,98.0,8.50042087542088
96.3333333333333,8.50561757930179,0.666666666666667,2.83333333333333,97.0,8.50572609802127
96.0,8.5316962778019,0.666666666666667,2.83333333333333,96.6666666666667,8.53162541612389
98.3333333333333,8.50480752542608,0.666666666666667,2.83333333333333,99.0,8.50505050505051
98.3333333333333,8.51154153216009,0.666666666666667,2.83333333333333,99.0,8.51178451178451
97.6666666666667,8.46737550948077,1.0,2.77777777777778,98.6666666666667,8.46615818044389
96.0,8.48467877701748,1.0,2.77777777777778,97.0,8.48400673400673
95.6666666666667,8.48313195137272,1.0,2.77777777777778,96.6666666666667,8.48245990836197
97.3333333333333,8.44781470200285,0.666666666666667,2.83333333333333,98.0,8.44873590381691
96.0,8.45055495882564,1.0,2.88888888888889,97.0,8.45392051557465
98.0,8.43423821548822,1.0,2.88888888888889,99.0,8.43771043771044
95.3333333333333,8.41999269005848,0.666666666666667,2.83333333333333,96.0,8.42133906194057
97.6666666666667,8.43337151584574,0.666666666666667,2.83333333333333,98.3333333333333,8.43423930021868
98.0,8.44886908215332,0.666666666666667,2.83333333333333,98.6666666666667,8.44959802102659
97.6666666666667,8.48418542674802,0.666666666666667,2.83333333333333,98.3333333333333,8.48519205662063
97.6666666666667,8.51497299950908,0.666666666666667,2.83333333333333,98.3333333333333,8.51563251563252
97.0,8.50261187647206,0.666666666666667,2.83333333333333,97.6666666666667,8.50364615543187
98.0,8.48893309276226,0.333333333333333,3.0,98.3333333333333,8.4912006664584
98.0,8.46598639455782,0.333333333333333,3.0,98.3333333333333,8.46828832543118
97.6666666666667,8.46579194001875,0.333333333333333,3.0,98.0,8.4680712022391
96.6666666666667,8.45946712018141,0.666666666666667,2.83333333333333,97.3333333333333,8.46045918367347
97.6666666666667,8.47052583659727,0.666666666666667,2.83333333333333,98.3333333333333,8.47151790008933
97.6666666666667,8.45693947682166,0.666666666666667,2.83333333333333,98.3333333333333,8.4580155294441
98.0,8.43883607801133,0.666666666666667,2.83333333333333,98.6666666666667,8.43963443963444
97.6666666666667,8.45654890744176,0.333333333333333,2.66666666666667,98.0,8.45522445154256
98.0,8.44887616610739,0.333333333333333,2.66666666666667,98.3333333333333,8.44777673643653
98.0,8.4624415839438,0.333333333333333,2.66666666666667,98.3333333333333,8.46103896103896
97.6666666666667,8.46402272249106,0.333333333333333,2.66666666666667,98.0,8.46258503401361
98.0,8.47528691784951,0.333333333333333,2.66666666666667,98.3333333333333,8.4740946883804
95.6666666666667,8.46760478384902,0.333333333333333,2.66666666666667,96.0,8.4664990109519
98.0,8.44443204752483,0.333333333333333,2.66666666666667,98.3333333333333,8.44334501477359
98.0,8.43515419288615,0.333333333333333,2.66666666666667,98.3333333333333,8.43413729128015
97.3333333333333,8.41454519952311,0.333333333333333,2.66666666666667,97.6666666666667,8.41359842906235
98.0,8.39364788922963,0.666666666666667,2.5,98.6666666666667,8.38854531711675
97.3333333333333,8.43523074386476,0.666666666666667,2.5,98.0,8.42950336700336
97.6666666666667,8.42235492681921,0.666666666666667,2.5,98.3333333333333,8.41661513090085
97.0,8.39829658494878,0.666666666666667,2.5,97.6666666666667,8.39268978444236
97.6666666666667,8.41249012231155,0.666666666666667,2.5,98.3333333333333,8.40689204974919
97.6666666666667,8.43919209097781,0.666666666666667,2.5,98.3333333333333,8.43338143338143
97.0,8.42856047057998,0.666666666666667,2.5,97.6666666666667,8.42282067466162
96.6666666666667,8.39973510882017,0.666666666666667,2.5,97.3333333333333,8.3941370362578
97.0,8.37916988101082,0.666666666666667,2.5,97.6666666666667,8.37372019514876
97.3333333333333,8.36102433267381,0.666666666666667,2.5,98.0,8.3560606060606
98.0,8.38341157560598,0.666666666666667,2.5,98.6666666666667,8.37810073524359
98.0,8.40474809105148,0.666666666666667,2.5,98.6666666666667,8.39936782793925
98.3333333333333,8.40935124440279,0.666666666666667,2.5,99.0,8.4040404040404
97.3333333333333,8.39483376551046,1.0,2.66666666666667,98.3333333333333,8.39225589225589
97.3333333333333,8.37577947845805,1.0,2.66666666666667,98.3333333333333,8.37335944478802
97.0,8.41598783534267,1.33333333333333,2.66666666666667,98.3333333333333,8.41244055677045
97.3333333333333,8.38431178957495,1.33333333333333,2.66666666666667,98.6666666666667,8.38119288119288
97.0,8.37178233952428,1.0,2.55555555555556,98.0,8.36584595959596
96.3333333333333,8.39025774875459,1.0,2.55555555555556,97.3333333333333,8.38420936165782
96.6666666666667,8.39597591769121,1.0,2.55555555555556,97.6666666666667,8.39001700857371
96.0,8.37296813462227,1.0,2.55555555555556,97.0,8.36709631220909
97.3333333333333,8.36400669784129,1.0,2.55555555555556,98.3333333333333,8.35824228681371
98.0,8.38667929292929,1.0,2.55555555555556,99.0,8.38047138047138
98.0,8.39986653830542,0.666666666666667,2.5,98.6666666666667,8.39476396619254
97.6666666666667,8.41764726300809,0.666666666666667,2.5,98.3333333333333,8.41212815439619
97.6666666666667,8.40262746512746,0.666666666666667,2.5,98.3333333333333,8.39710025424311
97.3333333333333,8.3882760161755,0.666666666666667,2.5,98.0,8.38296139032516
97.6666666666667,8.37060013399299,0.666666666666667,2.5,98.3333333333333,8.36528550814265
98.0,8.3694234006734,1.0,2.44444444444444,99.0,8.36026936026936
96.6666666666667,8.39151333390965,1.0,2.44444444444444,97.6666666666667,8.38165670308527
96.6666666666667,8.38270915634372,1.33333333333333,2.5,98.0,8.37185375035154
97.3333333333333,8.36717475441702,0.666666666666667,2.5,98.0,8.36164754353267
96.6666666666667,8.37169420312653,0.666666666666667,2.5,97.3333333333333,8.36603624901497
97.0,8.35779668396568,0.666666666666667,2.5,97.6666666666667,8.35219861140332
97.6666666666667,8.33215314658614,0.666666666666667,2.5,98.3333333333333,8.32691172897358
98.3333333333333,8.34208059981256,0.666666666666667,2.5,99.0,8.33670033670034
97.6666666666667,8.30335226874254,0.666666666666667,2.5,98.3333333333333,8.29873565587851
98.3333333333333,8.32139262036169,0.666666666666667,2.5,99.0,8.31649831649831
97.6666666666667,8.30938248464021,0.666666666666667,2.5,98.3333333333333,8.30532125377486
96.3333333333333,8.27104600974282,0.666666666666667,2.5,97.0,8.26683501683502
96.6666666666667,8.23634967183354,0.666666666666667,2.5,97.3333333333333,8.23185995291258
95.0,8.26832138054684,0.666666666666667,2.5,95.6666666666667,8.26377312276084
95.0,8.28890414114249,1.0,2.33333333333333,96.0,8.27689041116537
95.3333333333333,8.28556954696772,1.33333333333333,2.5,96.6666666666667,8.2771746996671
96.6666666666667,8.32373997709049,1.0,2.33333333333333,97.6666666666667,8.31153458988511
97.6666666666667,8.35410009963581,1.0,2.33333333333333,98.6666666666667,8.34157905586477
97.6666666666667,8.37083111819954,1.0,2.33333333333333,98.6666666666667,8.3577269291555
97.3333333333333,8.36953187372002,0.666666666666667,2.16666666666667,98.0,8.35741452678124
98.3333333333333,8.34832864729772,0.666666666666667,2.16666666666667,99.0,8.33670033670034
97.3333333333333,8.33557752998106,0.666666666666667,2.16666666666667,98.0,8.32381037388401
98.0,8.34654774124582,0.333333333333333,2.0,98.3333333333333,8.33878301919539
97.6666666666667,8.30364873222016,0.333333333333333,2.0,98.0,8.2956304046142
97.3333333333333,8.30817743764172,0.333333333333333,2.0,97.6666666666667,8.30026649835192
97.6666666666667,8.3344554316572,0.333333333333333,2.0,98.0,8.3265306122449
98.0,8.34353741496598,0.333333333333333,2.0,98.3333333333333,8.33573833573833
97.3333333333333,8.3799274521079,0.333333333333333,2.0,97.6666666666667,8.37177686731258
98.0,8.34331816658768,0.333333333333333,2.0,98.3333333333333,8.33546347832062
97.3333333333333,8.36663832199546,0.333333333333333,2.0,97.6666666666667,8.35883924276781
98.3333333333333,8.37937195080052,0.333333333333333,2.0,98.6666666666667,8.37174465745895
98.3333333333333,8.39265507306744,0.666666666666667,2.16666666666667,99.0,8.38047138047138
96.6666666666667,8.40703751431844,0.666666666666667,2.16666666666667,97.3333333333333,8.39443728522337
98.0,8.41824494949495,0.666666666666667,2.16666666666667,98.6666666666667,8.40527726242012
98.3333333333333,8.37266132111493,0.666666666666667,2.16666666666667,99.0,8.36026936026936
97.6666666666667,8.38188431938432,0.666666666666667,2.16666666666667,98.3333333333333,8.36927094069951
98.3333333333333,8.38942691520011,0.666666666666667,2.16666666666667,99.0,8.37710437710437
98.0,8.38101082357342,0.666666666666667,2.16666666666667,98.6666666666667,8.36854943997801
96.6666666666667,8.3788776063871,0.333333333333333,2.33333333333333,97.0,8.37434544264441
97.3333333333333,8.38701872501578,0.333333333333333,2.33333333333333,97.6666666666667,8.3826705940108
97.6666666666667,8.38297730708445,0.333333333333333,2.33333333333333,98.0,8.37868265993266
97.6666666666667,8.40345418470418,0.333333333333333,2.33333333333333,98.0,8.39888468013468
97.3333333333333,8.42162698412698,0.333333333333333,2.33333333333333,97.6666666666667,8.41712619391191
98.0,8.41106981165891,0.333333333333333,2.33333333333333,98.3333333333333,8.40665154950869
97.0,8.39444069926978,0.333333333333333,2.33333333333333,97.3333333333333,8.38990853552709
97.6666666666667,8.41251107566897,0.333333333333333,2.33333333333333,98.0,8.40772306397306
97.0,8.38744661844965,0.666666666666667,2.16666666666667,97.6666666666667,8.37459200852058
98.0,8.45223063973064,0.666666666666667,2.16666666666667,98.6666666666667,8.4390503676218
97.6666666666667,8.42668793195109,0.666666666666667,2.16666666666667,98.3333333333333,8.41341247526815
97.6666666666667,8.44983164983165,0.666666666666667,2.16666666666667,98.3333333333333,8.43677323058766
98.3333333333333,8.44736019993752,0.666666666666667,2.16666666666667,99.0,8.43434343434343
97.3333333333333,8.46244477172312,0.666666666666667,2.16666666666667,98.0,8.44921973787953
97.0,8.47794486215539,0.666666666666667,2.16666666666667,97.6666666666667,8.46416298478154
97.6666666666667,8.47814883529169,0.666666666666667,2.16666666666667,98.3333333333333,8.46454339311482
97.6666666666667,8.51958178273968,0.666666666666667,2.16666666666667,98.3333333333333,8.50529348467493
96.6666666666667,8.48976231386025,0.666666666666667,2.16666666666667,97.3333333333333,8.47605132076781
96.6666666666667,8.50057101516678,0.666666666666667,2.16666666666667,97.3333333333333,8.48649975454099
97.3333333333333,8.51109989982171,0.666666666666667,2.16666666666667,98.0,8.49673925594397
98.3333333333333,8.50158043015186,0.333333333333333,2.0,98.6666666666667,8.49281934996221
97.3333333333333,8.50666245879795,0.333333333333333,2.0,97.6666666666667,8.49775580335227
96.6666666666667,8.51421105383734,0.333333333333333,2.0,97.0,8.50515463917526
97.3333333333333,8.49438097408022,0.333333333333333,2.0,97.6666666666667,8.48528009688724
98.0,8.49777705521446,0.333333333333333,2.0,98.3333333333333,8.48876520305092
97.6666666666667,8.45757065712883,0.333333333333333,2.0,98.0,8.44887829129361
98.0,8.44637092575237,0.666666666666667,1.83333333333333,98.6666666666667,8.42592592592592
96.3333333333333,8.46735842834611,0.666666666666667,1.83333333333333,97.0,8.44645121794422
96.6666666666667,8.46216351660939,0.666666666666667,1.83333333333333,97.3333333333333,8.44182621502209
97.3333333333333,8.46234236384612,0.666666666666667,1.83333333333333,98.0,8.44175998005159
98.0,8.43578395640251,0.666666666666667,1.83333333333333,98.6666666666667,8.41582491582491
98.0,8.41214763526987,0.666666666666667,1.83333333333333,98.6666666666667,8.3920497491926
98.0,8.40888047138047,0.666666666666667,1.83333333333333,98.6666666666667,8.38861403147117
97.3333333333333,8.40042608212711,0.666666666666667,1.83333333333333,98.0,8.38005050505051
97.6666666666667,8.40279079454337,0.666666666666667,1.83333333333333,98.3333333333333,8.38262348571627
98.0,8.4421768707483,0.333333333333333,1.66666666666667,98.3333333333333,8.43011750154607
98.0,8.46401515151515,0.333333333333333,1.66666666666667,98.3333333333333,8.45162969905238
97.0,8.46065883907829,0.333333333333333,1.66666666666667,97.3333333333333,8.44859946987606
97.6666666666667,8.45110902842861,0.333333333333333,1.66666666666667,98.0,8.43915166816492
98.0,8.44928451178451,0.333333333333333,1.66666666666667,98.3333333333333,8.43732861258634
97.6666666666667,8.44052557891844,0.333333333333333,1.66666666666667,98.0,8.42853388361489
97.3333333333333,8.42801037940949,0.333333333333333,1.66666666666667,97.6666666666667,8.41619328143628
98.6666666666667,8.45310245310245,0.0,0.0,98.6666666666667,8.45310245310245
98.0,8.47278911564626,0.0,0.0,98.0,8.47278911564626
98.3333333333333,8.44114615543187,0.0,0.0,98.3333333333333,8.44114615543187
98.3333333333333,8.40610183467327,0.0,0.0,98.3333333333333,8.40610183467327
98.0,8.43707912457913,0.0,0.0,98.0,8.43707912457913
98.0,8.43588490274794,0.0,0.0,98.0,8.43588490274794
97.6666666666667,8.44715618206045,0.0,0.0,97.6666666666667,8.44715618206045
97.6666666666667,8.44985623115225,0.0,0.0,97.6666666666667,8.44985623115225
97.6666666666667,8.46402165989795,0.0,0.0,97.6666666666667,8.46402165989795
97.0,8.50403879583211,0.0,0.0,97.0,8.50403879583211
98.6666666666667,8.51047893905036,0.0,0.0,98.6666666666667,8.51047893905036
98.0,8.52037770226283,0.0,0.0,98.0,8.52037770226283
98.0,8.49568602693602,0.0,0.0,98.0,8.49568602693602
99.0,8.48484848484848,0.0,0.0,99.0,8.48484848484848
99.0,8.4983164983165,0.0,0.0,99.0,8.4983164983165
98.6666666666667,8.47292654435512,0.0,0.0,98.6666666666667,8.47292654435512
99.0,8.46801346801347,0.0,0.0,99.0,8.46801346801347
97.0,8.50171821305842,0.0,0.0,97.0,8.50171821305842
97.6666666666667,8.4783614203257,0.0,0.0,97.6666666666667,8.4783614203257
97.6666666666667,8.4876601062168,0.0,0.0,97.6666666666667,8.4876601062168
97.6666666666667,8.46638312954103,0.0,0.0,97.6666666666667,8.46638312954103
98.3333333333333,8.42976153285432,0.0,0.0,98.3333333333333,8.42976153285432
97.3333333333333,8.42162698412699,0.0,0.0,97.3333333333333,8.42162698412699
98.0,8.38104943112307,0.0,0.0,98.0,8.38104943112307
98.6666666666667,8.37844430701573,0.0,0.0,98.6666666666667,8.37844430701573
98.6666666666667,8.34130419844705,0.0,0.0,98.6666666666667,8.34130419844705
97.6666666666667,8.37556689342404,0.0,0.0,97.6666666666667,8.37556689342404
98.3333333333333,8.34936998854524,0.0,0.0,98.3333333333333,8.34936998854524
99.0,8.29292929292929,0.0,0.0,99.0,8.29292929292929
97.3333333333333,8.29831172550245,0.0,0.0,97.3333333333333,8.29831172550245
98.0,8.23800845965794,0.0,0.0,98.0,8.23800845965794
97.0,8.26789435319007,0.0,0.0,97.0,8.26789435319007
97.6666666666667,8.28887299869443,0.0,0.0,97.6666666666667,8.28887299869443
99.0,8.29629629629629,0.0,0.0,99.0,8.29629629629629
98.0,8.31957310676015,0.0,0.0,98.0,8.31957310676015
98.0,8.31617174621593,0.0,0.0,98.0,8.31617174621593
98.6666666666667,8.3039923039923,0.0,0.0,98.6666666666667,8.3039923039923
99.0,8.32323232323232,0.0,0.0,99.0,8.32323232323232
98.3333333333333,8.29542851192336,0.0,0.0,98.3333333333333,8.29542851192336
98.0,8.2927114613418,0.0,0.0,98.0,8.2927114613418
98.3333333333333,8.29485329485329,0.0,0.0,98.3333333333333,8.29485329485329
97.6666666666667,8.23270505744732,0.0,0.0,97.6666666666667,8.23270505744732
98.3333333333333,8.25019959040577,0.0,0.0,98.3333333333333,8.25019959040577
98.0,8.21697124127168,0.0,0.0,98.0,8.21697124127168
99.0,8.21548821548821,0.0,0.0,99.0,8.21548821548821
98.3333333333333,8.22458259571662,0.0,0.0,98.3333333333333,8.22458259571662
98.3333333333333,8.22815786733312,0.0,0.0,98.3333333333333,8.22815786733312
98.6666666666667,8.2773654916512,0.0,0.0,98.6666666666667,8.2773654916512
98.3333333333333,8.23645388593842,0.0,0.0,98.3333333333333,8.23645388593842
97.0,8.23759701475092,0.0,0.0,97.0,8.23759701475092
98.3333333333333,8.19281247852676,0.0,0.0,98.3333333333333,8.19281247852676
98.0,8.15990538670951,0.0,0.0,98.0,8.15990538670951
99.0,8.13131313131313,0.0,0.0,99.0,8.13131313131313
98.0,8.13543245060182,0.0,0.0,98.0,8.13543245060182
98.3333333333333,8.09568473854188,0.0,0.0,98.3333333333333,8.09568473854188
98.3333333333333,8.07917664618696,0.0,0.0,98.3333333333333,8.07917664618696
98.0,8.08843537414966,0.0,0.0,98.0,8.08843537414966
98.3333333333333,8.11554318697176,0.0,0.0,98.3333333333333,8.11554318697176
98.3333333333333,8.12485681557846,0.0,0.0,98.3333333333333,8.12485681557846
98.0,8.17653567727206,0.0,0.0,98.0,8.17653567727206
98.0,8.17382154882155,0.0,0.0,98.0,8.17382154882155
97.3333333333333,8.15112094811343,0.0,0.0,97.3333333333333,8.15112094811343
98.0,8.14625420875421,0.0,0.0,98.0,8.14625420875421
98.6666666666667,8.17212945784374,0.0,0.0,98.6666666666667,8.17212945784374
98.0,8.16614057239057,0.0,0.0,98.0,8.16614057239057
97.0,8.20187473226987,0.0,0.0,97.0,8.20187473226987
97.0,8.19605313398043,0.0,0.0,97.0,8.19605313398043
97.6666666666667,8.19545368652511,0.0,0.0,97.6666666666667,8.19545368652511
97.0,8.20274914089347,0.0,0.0,97.0,8.20274914089347
98.6666666666667,8.1895485466914,0.0,0.0,98.6666666666667,8.1895485466914
98.0,8.23809523809524,0.0,0.0,98.0,8.23809523809524
98.3333333333333,8.21646013398591,0.0,0.0,98.3333333333333,8.21646013398591
98.0,8.24726430976431,0.0,0.0,98.0,8.24726430976431
98.3333333333333,8.23421287707002,0.0,0.0,98.3333333333333,8.23421287707002
98.3333333333333,8.28131656703085,0.0,0.0,98.3333333333333,8.28131656703085
97.0,8.30605084138919,0.0,0.0,97.0,8.30605084138919
97.6666666666667,8.3545631756158,0.0,0.0,97.6666666666667,8.3545631756158
97.3333333333333,8.33580326460481,0.0,0.0,97.3333333333333,8.33580326460481
98.0,8.30607498648735,0.0,0.0,98.0,8.30607498648735
98.6666666666667,8.28712292998007,0.0,0.0,98.6666666666667,8.28712292998007
98.6666666666667,8.28729471586614,0.0,0.0,98.6666666666667,8.28729471586614
98.0,8.2924031986532,0.0,0.0,98.0,8.2924031986532
97.3333333333333,8.30052349092297,0.0,0.0,97.3333333333333,8.30052349092297
97.6666666666667,8.29339364611824,0.0,0.0,97.6666666666667,8.29339364611824
97.3333333333333,8.30170418682937,0.0,0.0,97.3333333333333,8.30170418682937
98.0,8.30211966073527,0.0,0.0,98.0,8.30211966073527
97.3333333333333,8.31388351601118,0.0,0.0,97.3333333333333,8.31388351601118
97.6666666666667,8.32691830586567,0.0,0.0,97.6666666666667,8.32691830586567
97.6666666666667,8.37519050150629,0.0,0.0,97.6666666666667,8.37519050150629
98.3333333333333,8.36873893574924,0.0,0.0,98.3333333333333,8.36873893574924
97.0,8.31447701832944,0.0,0.0,97.0,8.31447701832944
98.3333333333333,8.36628186628186,0.0,0.0,98.3333333333333,8.36628186628186
98.3333333333333,8.33357631295775,0.0,0.0,98.3333333333333,8.33357631295775
99.0,8.33670033670033,0.0,0.0,99.0,8.33670033670033
98.3333333333333,8.29994099066264,0.0,0.0,98.3333333333333,8.29994099066264
97.3333333333333,8.3202947845805,0.0,0.0,97.3333333333333,8.3202947845805
98.3333333333333,8.3172619667465,0.0,0.0,98.3333333333333,8.3172619667465
98.0,8.30955387205387,0.0,0.0,98.0,8.30955387205387
98.0,8.32617845117846,0.0,0.0,98.0,8.32617845117846
98.0,8.34897860008317,0.0,0.0,98.0,8.34897860008317
97.6666666666667,8.40244757696893,0.0,0.0,97.6666666666667,8.40244757696893
98.3333333333333,8.39425179631365,0.0,0.0,98.3333333333333,8.39425179631365
98.3333333333333,8.38199868096775,0.0,0.0,98.3333333333333,8.38199868096775
97.3333333333333,8.37147028706307,0.0,0.0,97.3333333333333,8.37147028706307
98.0,8.33333333333333,0.0,0.0,98.0,8.33333333333333
98.3333333333333,8.35951350237065,0.0,0.0,98.3333333333333,8.35951350237065
98.3333333333333,8.36009580339477,0.0,0.0,98.3333333333333,8.36009580339477
98.6666666666667,8.37799766371195,0.0,0.0,98.6666666666667,8.37799766371195
98.0,8.39773710171354,0.0,0.0,98.0,8.39773710171354
99.0,8.42087542087542,0.0,0.0,99.0,8.42087542087542
98.6666666666667,8.42517006802721,0.0,0.0,98.6666666666667,8.42517006802721
98.6666666666667,8.40568954854669,0.0,0.0,98.6666666666667,8.40568954854669
99.0,8.43434343434343,0.0,0.0,99.0,8.43434343434343
98.0,8.42485554046674,0.0,0.0,98.0,8.42485554046674
98.0,8.45633521553993,0.0,0.0,98.0,8.45633521553993
99.0,8.46464646464646,0.0,0.0,99.0,8.46464646464646
98.0,8.47341427459248,0.0,0.0,98.0,8.47341427459248
98.3333333333333,8.5256648113791,0.0,0.0,98.3333333333333,8.5256648113791
98.0,8.50992816162183,0.0,0.0,98.0,8.50992816162183
98.3333333333333,8.52535665937728,0.0,0.0,98.3333333333333,8.52535665937728
98.3333333333333,8.55263980006248,0.0,0.0,98.3333333333333,8.55263980006248
98.3333333333333,8.55951265229616,0.0,0.0,98.3333333333333,8.55951265229616
97.3333333333333,8.56533446712018,0.0,0.0,97.3333333333333,8.56533446712018
98.0,8.53082582611301,0.0,0.0,98.0,8.53082582611301
98.6666666666667,8.52648938363224,0.0,0.0,98.6666666666667,8.52648938363224
97.6666666666667,8.48074900063118,0.0,0.0,97.6666666666667,8.48074900063118
98.3333333333333,8.50116814402529,0.0,0.0,98.3333333333333,8.50116814402529
97.6666666666667,8.48479265443551,0.0,0.0,97.6666666666667,8.48479265443551
97.6666666666667,8.47762851886563,0.0,0.0,97.6666666666667,8.47762851886563
97.6666666666667,8.51549862890069,0.0,0.0,97.6666666666667,8.51549862890069
99.0,8.54545454545454,0.0,0.0,99.0,8.54545454545454
98.3333333333333,8.56967635539064,0.0,0.0,98.3333333333333,8.56967635539064
98.6666666666667,8.59090909090909,0.0,0.0,98.6666666666667,8.59090909090909
98.6666666666667,8.61135161135161,0.0,0.0,98.6666666666667,8.61135161135161
98.3333333333333,8.57718074212919,0.0,0.0,98.3333333333333,8.57718074212919
98.3333333333333,8.56297670583385,0.0,0.0,98.3333333333333,8.56297670583385
98.6666666666667,8.53367003367003,0.0,0.0,98.6666666666667,8.53367003367003
98.3333333333333,8.50824395154292,0.0,0.0,98.3333333333333,8.50824395154292
98.3333333333333,8.49151377722806,0.0,0.0,98.3333333333333,8.49151377722806
97.0,8.48782670963122,0.0,0.0,97.0,8.48782670963122
98.3333333333333,8.48495155638013,0.0,0.0,98.3333333333333,8.48495155638013
97.3333333333333,8.49989480328214,0.0,0.0,97.3333333333333,8.49989480328214
98.3333333333333,8.48509146447291,0.0,0.0,98.3333333333333,8.48509146447291
97.6666666666667,8.4745423942773,0.0,0.0,97.6666666666667,8.4745423942773
96.6666666666667,8.47873711340206,0.0,0.0,96.6666666666667,8.47873711340206
98.0,8.46018605296956,0.0,0.0,98.0,8.46018605296956
97.6666666666667,8.43879913076342,0.0,0.0,97.6666666666667,8.43879913076342
98.3333333333333,8.41678691678692,0.0,0.0,98.3333333333333,8.41678691678692
97.6666666666667,8.40648591174907,0.0,0.0,97.6666666666667,8.40648591174907
98.3333333333333,8.39991754277468,0.0,0.0,98.3333333333333,8.39991754277468
98.3333333333333,8.41382901176715,0.0,0.0,98.3333333333333,8.41382901176715
98.3333333333333,8.39304610733182,0.0,0.0,98.3333333333333,8.39304610733182
97.3333333333333,8.4204689212208,0.0,0.0,97.3333333333333,8.4204689212208
98.3333333333333,8.3969245721823,0.0,0.0,98.3333333333333,8.3969245721823
97.3333333333333,8.44543429280271,0.0,0.0,97.3333333333333,8.44543429280271
97.6666666666667,8.4685717721432,0.0,0.0,97.6666666666667,8.4685717721432
98.0,8.44265572390572,0.0,0.0,98.0,8.44265572390572
98.3333333333333,8.4306672163815,0.0,0.0,98.3333333333333,8.4306672163815
98.0,8.43203477371371,0.0,0.0,98.0,8.43203477371371
97.0,8.41612241975828,0.0,0.0,97.0,8.41612241975828
99.0,8.42087542087542,0.0,0.0,99.0,8.42087542087542
97.6666666666667,8.40304369170348,0.0,0.0,97.6666666666667,8.40304369170348
98.3333333333333,8.37669209097781,0.0,0.0,98.3333333333333,8.37669209097781
98.3333333333333,8.34542705971277,0.0,0.0,98.3333333333333,8.34542705971277
98.6666666666667,8.38215488215488,0.0,0.0,98.6666666666667,8.38215488215488
98.6666666666667,8.38129595272452,0.0,0.0,98.6666666666667,8.38129595272452
97.6666666666667,8.42303106809734,0.0,0.0,97.6666666666667,8.42303106809734
98.3333333333333,8.42994571566,0.0,0.0,98.3333333333333,8.42994571566
98.0,8.37685147994427,0.0,0.0,98.0,8.37685147994427
98.0,8.34709745608125,0.0,0.0,98.0,8.34709745608125
98.0,8.34050796201017,0.0,0.0,98.0,8.34050796201017
97.3333333333333,8.33245669401781,0.0,0.0,97.3333333333333,8.33245669401781
98.0,8.32002329204096,0.0,0.0,98.0,8.32002329204096
98.0,8.30934343434343,0.0,0.0,98.0,8.30934343434343
98.6666666666667,8.32405689548546,0.0,0.0,98.6666666666667,8.32405689548546
98.3333333333333,8.288000277691,0.0,0.0,98.3333333333333,8.288000277691
98.3333333333333,8.31851157624353,0.0,0.0,98.3333333333333,8.31851157624353
97.6666666666667,8.30426397363069,0.0,0.0,97.6666666666667,8.30426397363069
97.6666666666667,8.34771021810786,0.0,0.0,97.6666666666667,8.34771021810786
97.0,8.33768438646936,0.0,0.0,97.0,8.33768438646936
97.3333333333333,8.34353741496598,0.0,0.0,97.3333333333333,8.34353741496598
97.6666666666667,8.33292748917749,0.0,0.0,97.6666666666667,8.33292748917749
98.3333333333333,8.33501683501684,0.0,0.0,98.3333333333333,8.33501683501684
98.6666666666667,8.33103140245997,0.0,0.0,98.6666666666667,8.33103140245997
99.0,8.32323232323232,0.0,0.0,99.0,8.32323232323232
98.6666666666667,8.33446712018141,0.0,0.0,98.6666666666667,8.33446712018141
98.3333333333333,8.30945190739005,0.0,0.0,98.3333333333333,8.30945190739005
98.0,8.3025376140251,0.0,0.0,98.0,8.3025376140251
98.0,8.33318704968189,0.0,0.0,98.0,8.33318704968189
97.3333333333333,8.32849428431166,0.0,0.0,97.3333333333333,8.32849428431166
98.0,8.3404349972833,0.0,0.0,98.0,8.3404349972833
96.3333333333333,8.34252400963408,0.0,0.0,96.3333333333333,8.34252400963408
95.0,8.30893906569052,0.0,0.0,95.0,8.30893906569052
97.3333333333333,8.28372265439935,0.0,0.0,97.3333333333333,8.28372265439935
99.0,8.29292929292929,0.0,0.0,99.0,8.29292929292929
98.3333333333333,8.33204901246138,0.0,0.0,98.3333333333333,8.33204901246138
98.6666666666667,8.35143956572528,0.0,0.0,98.6666666666667,8.35143956572528
98.0,8.3504035374433,0.0,0.0,98.0,8.3504035374433
98.3333333333333,8.35176507341456,0.0,0.0,98.3333333333333,8.35176507341456
99.0,8.31313131313131,0.0,0.0,99.0,8.31313131313131
98.3333333333333,8.34930056579541,0.0,0.0,98.3333333333333,8.34930056579541
96.6666666666667,8.36575016333175,0.0,0.0,96.6666666666667,8.36575016333175
98.0,8.35366534409244,0.0,0.0,98.0,8.35366534409244
97.3333333333333,8.36027912284355,0.0,0.0,97.3333333333333,8.36027912284355
96.6666666666667,8.32427691867125,0.0,0.0,96.6666666666667,8.32427691867125
98.0,8.32925899715296,0.0,0.0,98.0,8.32925899715296
99.0,8.29629629629629,0.0,0.0,99.0,8.29629629629629
98.3333333333333,8.27090634233491,0.0,0.0,98.3333333333333,8.27090634233491
98.0,8.27272125136632,0.0,0.0,98.0,8.27272125136632
98.3333333333333,8.31851157624353,0.0,0.0,98.3333333333333,8.31851157624353
98.3333333333333,8.32192675049818,0.0,0.0,98.3333333333333,8.32192675049818
98.0,8.30527485387574,0.0,0.0,98.0,8.30527485387574
98.3333333333333,8.31175702604274,0.0,0.0,98.3333333333333,8.31175702604274
98.0,8.30850301174307,0.0,0.0,98.0,8.30850301174307
98.0,8.28614640691224,0.0,0.0,98.0,8.28614640691224
98.0,8.26224089552514,0.0,0.0,98.0,8.26224089552514
99.0,8.25589225589225,0.0,0.0,99.0,8.25589225589225
98.6666666666667,8.30059094344808,0.0,0.0,98.6666666666667,8.30059094344808
97.6666666666667,8.33801664605236,0.0,0.0,97.6666666666667,8.33801664605236
99.0,8.31986531986532,0.0,0.0,99.0,8.31986531986532
99.0,8.35690235690236,0.0,0.0,99.0,8.35690235690236
98.3333333333333,8.37217536186608,0.0,0.0,98.3333333333333,8.37217536186608
98.3333333333333,8.33587576444719,0.0,0.0,98.3333333333333,8.33587576444719
97.3333333333333,8.35209341468546,0.0,0.0,97.3333333333333,8.35209341468546
96.6666666666667,8.32569457517136,0.0,0.0,96.6666666666667,8.32569457517136
96.3333333333333,8.30481401981235,0.0,0.0,96.3333333333333,8.30481401981235
96.3333333333333,8.25848101908015,0.0,0.0,96.3333333333333,8.25848101908015
98.0,8.23225345537569,0.0,0.0,98.0,8.23225345537569
98.3333333333333,8.25341853913282,0.0,0.0,98.3333333333333,8.25341853913282
99.0,8.21548821548821,0.0,0.0,99.0,8.21548821548821
98.0,8.22895622895623,0.0,0.0,98.0,8.22895622895623
98.6666666666667,8.25269703841133,0.0,0.0,98.6666666666667,8.25269703841133
97.3333333333333,8.24651097552423,0.0,0.0,97.3333333333333,8.24651097552423
97.6666666666667,8.24963066034495,0.0,0.0,97.6666666666667,8.24963066034495
98.0,8.25331334241496,0.0,0.0,98.0,8.25331334241496
97.0,8.23993910278888,0.0,0.0,97.0,8.23993910278888
98.3333333333333,8.23366316223459,0.0,0.0,98.3333333333333,8.23366316223459
98.3333333333333,8.21125342774827,0.0,0.0,98.3333333333333,8.21125342774827
98.6666666666667,8.23362880505738,0.0,0.0,98.6666666666667,8.23362880505738
98.3333333333333,8.25200458190149,0.0,0.0,98.3333333333333,8.25200458190149
98.6666666666667,8.22352779495637,0.0,0.0,98.6666666666667,8.22352779495637
98.3333333333333,8.20954442383014,0.0,0.0,98.3333333333333,8.20954442383014
98.6666666666667,8.19638562495705,0.0,0.0,98.6666666666667,8.19638562495705
98.0,8.19055134680134,0.0,0.0,98.0,8.19055134680134
99.0,8.18855218855219,0.0,0.0,99.0,8.18855218855219
98.3333333333333,8.15356312263529,0.0,0.0,98.3333333333333,8.15356312263529
98.0,8.08163265306123,0.0,0.0,98.0,8.08163265306123
98.0,8.07482993197279,0.0,0.0,98.0,8.07482993197279
98.0,8.06849298086412,0.0,0.0,98.0,8.06849298086412
98.6666666666667,8.03116195973339,0.0,0.0,98.6666666666667,8.03116195973339
98.3333333333333,8.06202922697768,0.0,0.0,98.3333333333333,8.06202922697768
98.6666666666667,8.03428846285989,0.0,0.0,98.6666666666667,8.03428846285989
97.6666666666667,8.06024265376254,0.0,0.0,97.6666666666667,8.06024265376254
98.3333333333333,8.09018015203582,0.0,0.0,98.3333333333333,8.09018015203582
98.3333333333333,8.11073318216175,0.0,0.0,98.3333333333333,8.11073318216175
97.6666666666667,8.06470315398887,0.0,0.0,97.6666666666667,8.06470315398887
97.6666666666667,8.08882109544849,0.0,0.0,97.6666666666667,8.08882109544849
95.6666666666667,8.08481081122259,0.0,0.0,95.6666666666667,8.08481081122259
97.3333333333333,8.05603478504804,0.0,0.0,97.3333333333333,8.05603478504804
98.3333333333333,8.09951751188865,0.0,0.0,98.3333333333333,8.09951751188865
97.0,8.09175084175084,0.0,0.0,97.0,8.09175084175084
98.3333333333333,8.10472067614925,0.0,0.0,98.3333333333333,8.10472067614925
98.3333333333333,8.09955222326356,0.0,0.0,98.3333333333333,8.09955222326356
98.3333333333333,8.11162646876933,0.0,0.0,98.3333333333333,8.11162646876933
98.6666666666667,8.1324469181612,0.0,0.0,98.6666666666667,8.1324469181612
99.0,8.13468013468013,0.0,0.0,99.0,8.13468013468013
98.3333333333333,8.14168899883186,0.0,0.0,98.3333333333333,8.14168899883186
96.3333333333333,8.15037077229155,0.0,0.0,96.3333333333333,8.15037077229155
97.6666666666667,8.14397924118101,0.0,0.0,97.6666666666667,8.14397924118101
97.6666666666667,8.14244196349459,0.0,0.0,97.6666666666667,8.14244196349459
97.6666666666667,8.14238605991183,0.0,0.0,97.6666666666667,8.14238605991183
97.0,8.14376647648487,0.0,0.0,97.0,8.14376647648487
98.6666666666667,8.14213564213564,0.0,0.0,98.6666666666667,8.14213564213564
97.6666666666667,8.13566870046988,0.0,0.0,97.6666666666667,8.13566870046988
99.0,8.16161616161616,0.0,0.0,99.0,8.16161616161616
99.0,8.18855218855219,0.0,0.0,99.0,8.18855218855219
98.3333333333333,8.13422888680621,0.0,0.0,98.3333333333333,8.13422888680621
97.3333333333333,8.17304421768707,0.0,0.0,97.3333333333333,8.17304421768707
97.6666666666667,8.13527022805373,0.0,0.0,97.6666666666667,8.13527022805373
98.0,8.100692739868,0.0,0.0,98.0,8.100692739868
97.6666666666667,8.04727689263772,0.0,0.0,97.6666666666667,8.04727689263772
98.0,8.06405098746778,0.0,0.0,98.0,8.06405098746778
98.0,8.10290404040404,0.0,0.0,98.0,8.10290404040404
97.6666666666667,8.15084175084175,0.0,0.0,97.6666666666667,8.15084175084175
98.6666666666667,8.15876451590737,0.0,0.0,98.6666666666667,8.15876451590737
98.6666666666667,8.16931216931217,0.0,0.0,98.6666666666667,8.16931216931217
98.3333333333333,8.15158457426499,0.0,0.0,98.3333333333333,8.15158457426499
95.6666666666667,8.15608609151745,0.0,0.0,95.6666666666667,8.15608609151745
97.3333333333333,8.16749106182096,0.0,0.0,97.3333333333333,8.16749106182096
98.6666666666667,8.15577544148972,0.0,0.0,98.6666666666667,8.15577544148972
97.0,8.17679453241038,0.0,0.0,97.0,8.17679453241038
98.6666666666667,8.13536727822442,0.0,0.0,98.6666666666667,8.13536727822442
98.0,8.16390073680206,0.0,0.0,98.0,8.16390073680206
98.3333333333333,8.09118394832681,0.0,0.0,98.3333333333333,8.09118394832681
96.6666666666667,8.11354524627721,0.0,0.0,96.6666666666667,8.11354524627721
96.6666666666667,8.14538919900762,0.0,0.0,96.6666666666667,8.14538919900762
97.6666666666667,8.18952410704988,0.0,0.0,97.6666666666667,8.18952410704988
98.6666666666667,8.20232941661513,0.0,0.0,98.6666666666667,8.20232941661513
97.3333333333333,8.22404785412304,0.0,0.0,97.3333333333333,8.22404785412304
98.0,8.18608484735141,0.0,0.0,98.0,8.18608484735141
97.3333333333333,8.22708940782394,0.0,0.0,97.3333333333333,8.22708940782394
97.3333333333333,8.26233970914822,0.0,0.0,97.3333333333333,8.26233970914822
97.6666666666667,8.283584140727,0.0,0.0,97.6666666666667,8.283584140727
97.6666666666667,8.31089594928881,0.0,0.0,97.6666666666667,8.31089594928881
96.3333333333333,8.3285724513173,0.0,0.0,96.3333333333333,8.3285724513173
98.3333333333333,8.32896997182711,0.0,0.0,98.3333333333333,8.32896997182711
97.3333333333333,8.33913664132736,0.0,0.0,97.3333333333333,8.33913664132736
98.3333333333333,8.37547294248325,0.0,0.0,98.3333333333333,8.37547294248325
98.0,8.33333333333333,0.0,0.0,98.0,8.33333333333333
97.3333333333333,8.3492881688758,0.0,0.0,97.3333333333333,8.3492881688758
97.3333333333333,8.36585884353742,0.0,0.0,97.3333333333333,8.36585884353742
97.6666666666667,8.39213829861842,0.0,0.0,97.6666666666667,8.39213829861842
98.3333333333333,8.37672255198028,0.0,0.0,98.3333333333333,8.37672255198028
98.3333333333333,8.3826929084661,0.0,0.0,98.3333333333333,8.3826929084661
98.6666666666667,8.34113241256098,0.0,0.0,98.6666666666667,8.34113241256098
98.6666666666667,8.37504294647152,0.0,0.0,98.6666666666667,8.37504294647152
98.6666666666667,8.38524702810417,0.0,0.0,98.6666666666667,8.38524702810417
97.3333333333333,8.41821038888708,0.0,0.0,97.3333333333333,8.41821038888708
98.6666666666667,8.41908884766027,0.0,0.0,98.6666666666667,8.41908884766027
98.3333333333333,8.43038633760283,0.0,0.0,98.3333333333333,8.43038633760283
96.6666666666667,8.39284340073987,0.0,0.0,96.6666666666667,8.39284340073987
97.3333333333333,8.40015273004963,0.0,0.0,97.3333333333333,8.40015273004963
98.3333333333333,8.43080287410184,0.0,0.0,98.3333333333333,8.43080287410184
98.3333333333333,8.43073593073593,0.0,0.0,98.3333333333333,8.43073593073593
98.0,8.43526718195349,0.0,0.0,98.0,8.43526718195349
98.3333333333333,8.37964680821823,0.0,0.0,98.3333333333333,8.37964680821823
98.0,8.35758631266731,0.0,0.0,98.0,8.35758631266731
98.0,8.37037037037037,0.0,0.0,98.0,8.37037037037037
97.6666666666667,8.36787115137631,0.0,0.0,97.6666666666667,8.36787115137631
98.6666666666667,8.35879200164914,0.0,0.0,98.6666666666667,8.35879200164914
98.3333333333333,8.37526467423375,0.0,0.0,98.3333333333333,8.37526467423375
98.6666666666667,8.38816738816739,0.0,0.0,98.6666666666667,8.38816738816739
98.3333333333333,8.41393527107813,0.0,0.0,98.3333333333333,8.41393527107813
97.6666666666667,8.46819552563293,0.0,0.0,97.6666666666667,8.46819552563293
98.6666666666667,8.46677660963375,0.0,0.0,98.6666666666667,8.46677660963375
97.6666666666667,8.48257661650519,0.0,0.0,97.6666666666667,8.48257661650519
98.0,8.53714225589226,0.0,0.0,98.0,8.53714225589226
98.3333333333333,8.48831962234024,0.0,0.0,98.3333333333333,8.48831962234024
98.6666666666667,8.48000412286127,0.0,0.0,98.6666666666667,8.48000412286127
98.6666666666667,8.49628942486085,0.0,0.0,98.6666666666667,8.49628942486085
98.0,8.48952070675193,0.0,0.0,98.0,8.48952070675193
98.0,8.45935368836694,0.0,0.0,98.0,8.45935368836694
99.0,8.44444444444445,0.0,0.0,99.0,8.44444444444445
98.3333333333333,8.45420188277331,0.0,0.0,98.3333333333333,8.45420188277331
98.0,8.44571459740826,0.0,0.0,98.0,8.44571459740826
98.3333333333333,8.44059644059644,0.0,0.0,98.3333333333333,8.44059644059644
97.0,8.43287037037037,0.0,0.0,97.0,8.43287037037037
98.0,8.44497053872054,0.0,0.0,98.0,8.44497053872054
97.0,8.45596971706575,0.0,0.0,97.0,8.45596971706575
98.3333333333333,8.48842163127877,0.0,0.0,98.3333333333333,8.48842163127877
98.3333333333333,8.51490853552709,0.0,0.0,98.3333333333333,8.51490853552709
98.6666666666667,8.46667353810211,0.0,0.0,98.6666666666667,8.46667353810211
98.3333333333333,8.47151790008933,0.0,0.0,98.3333333333333,8.47151790008933
98.3333333333333,8.4477083762798,0.0,0.0,98.3333333333333,8.4477083762798
98.0,8.49642224899957,0.0,0.0,98.0,8.49642224899957
98.3333333333333,8.48502027073456,0.0,0.0,98.3333333333333,8.48502027073456
98.3333333333333,8.41705716963449,0.0,0.0,98.3333333333333,8.41705716963449
98.3333333333333,8.48120662406377,0.0,0.0,98.3333333333333,8.48120662406377
98.3333333333333,8.43382807668522,0.0,0.0,98.3333333333333,8.43382807668522
97.6666666666667,8.47467661306947,0.0,0.0,97.6666666666667,8.47467661306947
98.6666666666667,8.50329828901257,0.0,0.0,98.6666666666667,8.50329828901257
97.0,8.52219504640344,0.0,0.0,97.0,8.52219504640344
98.3333333333333,8.53212396069539,0.0,0.0,98.3333333333333,8.53212396069539
98.0,8.48302720025842,0.0,0.0,98.0,8.48302720025842
98.6666666666667,8.48983027554456,0.0,0.0,98.6666666666667,8.48983027554456
98.3333333333333,8.45395536117186,0.0,0.0,98.3333333333333,8.45395536117186
98.3333333333333,8.44063079777366,0.0,0.0,98.3333333333333,8.44063079777366
98.3333333333333,8.43746745808602,0.0,0.0,98.3333333333333,8.43746745808602
97.6666666666667,8.40991654393716,0.0,0.0,97.6666666666667,8.40991654393716
97.3333333333333,8.39651671352703,0.0,0.0,97.3333333333333,8.39651671352703
98.6666666666667,8.38129595272452,0.0,0.0,98.6666666666667,8.38129595272452
98.6666666666667,8.39160310588882,0.0,0.0,98.6666666666667,8.39160310588882
97.6666666666667,8.40932042920261,0.0,0.0,97.6666666666667,8.40932042920261
98.0,8.44266105900863,0.0,0.0,98.0,8.44266105900863
97.0,8.45395598101784,0.0,0.0,97.0,8.45395598101784
98.3333333333333,8.4234522091665,0.0,0.0,98.3333333333333,8.4234522091665
99.0,8.44444444444444,0.0,0.0,99.0,8.44444444444444
99.0,8.44781144781145,0.0,0.0,99.0,8.44781144781145
98.0,8.42557845797905,0.0,0.0,98.0,8.42557845797905
96.6666666666667,8.41764942547828,0.0,0.0,96.6666666666667,8.41764942547828
98.3333333333333,8.42365233086883,0.0,0.0,98.3333333333333,8.42365233086883
98.3333333333333,8.39022881880025,0.0,0.0,98.3333333333333,8.39022881880025
97.3333333333333,8.39760252872366,0.0,0.0,97.3333333333333,8.39760252872366
97.6666666666667,8.41161616161616,0.0,0.0,97.6666666666667,8.41161616161616
98.3333333333333,8.35499323128189,0.0,0.0,98.3333333333333,8.35499323128189
97.6666666666667,8.34476471000771,0.0,0.0,97.6666666666667,8.34476471000771
97.0,8.36120023610819,0.0,0.0,97.0,8.36120023610819
98.3333333333333,8.41716484573627,0.0,0.0,98.3333333333333,8.41716484573627
97.6666666666667,8.39205189651618,0.0,0.0,97.6666666666667,8.39205189651618
98.3333333333333,8.3829107400536,0.0,0.0,98.3333333333333,8.3829107400536
98.0,8.36016414141414,0.0,0.0,98.0,8.36016414141414
98.3333333333333,8.33857475094588,0.0,0.0,98.3333333333333,8.33857475094588
98.0,8.33333333333333,0.0,0.0,98.0,8.33333333333333
98.3333333333333,8.30504356277552,0.0,0.0,98.3333333333333,8.30504356277552
98.0,8.32311543799025,0.0,0.0,98.0,8.32311543799025
98.0,8.38830446267854,0.0,0.0,98.0,8.38830446267854
98.0,8.36681918419768,0.0,0.0,98.0,8.36681918419768
96.3333333333333,8.39812428407789,0.0,0.0,96.3333333333333,8.39812428407789
97.0,8.39238521869229,0.0,0.0,97.0,8.39238521869229
98.6666666666667,8.39562289562289,0.0,0.0,98.6666666666667,8.39562289562289
98.0,8.40451396636964,0.0,0.0,98.0,8.40451396636964
98.6666666666667,8.37174465745894,0.0,0.0,98.6666666666667,8.37174465745894
98.3333333333333,8.3696414314971,0.0,0.0,98.3333333333333,8.3696414314971
98.0,8.4353008307353,0.0,0.0,98.0,8.4353008307353
98.3333333333333,8.44756846818703,0.0,0.0,98.3333333333333,8.44756846818703
99.0,8.4040404040404,0.0,0.0,99.0,8.4040404040404
98.3333333333333,8.40647976362262,0.0,0.0,98.3333333333333,8.40647976362262
98.0,8.370909105077,0.0,0.0,98.0,8.370909105077
96.6666666666667,8.3609502401069,0.0,0.0,96.6666666666667,8.3609502401069
98.0,8.37118750447175,0.0,0.0,98.0,8.37118750447175
97.3333333333333,8.3663481898018,0.0,0.0,97.3333333333333,8.3663481898018
97.6666666666667,8.36194684059191,0.0,0.0,97.6666666666667,8.36194684059191
96.6666666666667,8.37164961013645,0.0,0.0,96.6666666666667,8.37164961013645
96.3333333333333,8.38691883372734,0.0,0.0,96.3333333333333,8.38691883372734
97.6666666666667,8.37537695490567,0.0,0.0,97.6666666666667,8.37537695490567
97.0,8.37467275394568,0.0,0.0,97.0,8.37467275394568
98.6666666666667,8.40208204493919,0.0,0.0,98.6666666666667,8.40208204493919
99.0,8.4006734006734,0.0,0.0,99.0,8.4006734006734
98.3333333333333,8.41060085389982,0.0,0.0,98.3333333333333,8.41060085389982
98.3333333333333,8.36544135513207,0.0,0.0,98.3333333333333,8.36544135513207
97.3333333333333,8.34859982991426,0.0,0.0,97.3333333333333,8.34859982991426
97.3333333333333,8.33570238467146,0.0,0.0,97.3333333333333,8.33570238467146
97.6666666666667,8.31411739953713,0.0,0.0,97.6666666666667,8.31411739953713
98.0,8.27243647641291,0.0,0.0,98.0,8.27243647641291
98.6666666666667,8.27685013399299,0.0,0.0,98.6666666666667,8.27685013399299
98.0,8.28830453351808,0.0,0.0,98.0,8.28830453351808
97.6666666666667,8.24954007428234,0.0,0.0,97.6666666666667,8.24954007428234
98.3333333333333,8.25736961451247,0.0,0.0,98.3333333333333,8.25736961451247
98.6666666666667,8.30729059300488,0.0,0.0,98.6666666666667,8.30729059300488
98.3333333333333,8.31913638099205,0.0,0.0,98.3333333333333,8.31913638099205
95.6666666666667,8.31078103284324,0.0,0.0,95.6666666666667,8.31078103284324
96.6666666666667,8.30720798957881,0.0,0.0,96.6666666666667,8.30720798957881
97.3333333333333,8.2812880578838,0.0,0.0,97.3333333333333,8.2812880578838
98.3333333333333,8.28491096532333,0.0,0.0,98.3333333333333,8.28491096532333
98.3333333333333,8.31240237425804,0.0,0.0,98.3333333333333,8.31240237425804
98.3333333333333,8.32861258634454,0.0,0.0,98.3333333333333,8.32861258634454
99.0,8.25925925925926,0.0,0.0,99.0,8.25925925925926
98.3333333333333,8.24443750216946,0.0,0.0,98.3333333333333,8.24443750216946
98.6666666666667,8.24668453239882,0.0,0.0,98.6666666666667,8.24668453239882
98.6666666666667,8.2029822029822,0.0,0.0,98.6666666666667,8.2029822029822
98.3333333333333,8.26457009962164,0.0,0.0,98.3333333333333,8.26457009962164
98.0,8.26518357004366,0.0,0.0,98.0,8.26518357004366
97.3333333333333,8.25401892637717,0.0,0.0,97.3333333333333,8.25401892637717
97.3333333333333,8.24746173070915,0.0,0.0,97.3333333333333,8.24746173070915
98.6666666666667,8.24630660344946,0.0,0.0,98.6666666666667,8.24630660344946
98.6666666666667,8.23620559334845,0.0,0.0,98.6666666666667,8.23620559334845
98.3333333333333,8.20054284339999,0.0,0.0,98.3333333333333,8.20054284339999
98.0,8.21860657206754,0.0,0.0,98.0,8.21860657206754
98.0,8.27114898989899,0.0,0.0,98.0,8.27114898989899
97.3333333333333,8.27126180186747,0.0,0.0,97.3333333333333,8.27126180186747
98.3333333333333,8.26145811860097,0.0,0.0,98.3333333333333,8.26145811860097
97.6666666666667,8.25551043076816,0.0,0.0,97.6666666666667,8.25551043076816
98.3333333333333,8.2259363393384,0.0,0.0,98.3333333333333,8.2259363393384
97.6666666666667,8.2323094186128,0.0,0.0,97.6666666666667,8.2323094186128
97.6666666666667,8.21852864857283,0.0,0.0,97.6666666666667,8.21852864857283
98.0,8.23036558161742,0.0,0.0,98.0,8.23036558161742
98.3333333333333,8.20755170755171,0.0,0.0,98.3333333333333,8.20755170755171
99.0,8.12457912457912,0.0,0.0,99.0,8.12457912457912
98.6666666666667,8.17618360475503,0.0,0.0,98.6666666666667,8.17618360475503
98.6666666666667,8.16488009345152,0.0,0.0,98.6666666666667,8.16488009345152
98.6666666666667,8.19274376417233,0.0,0.0,98.6666666666667,8.19274376417233
98.6666666666667,8.18628461485604,0.0,0.0,98.6666666666667,8.18628461485604
98.3333333333333,8.19652305366591,0.0,0.0,98.3333333333333,8.19652305366591
97.6666666666667,8.19859522091665,0.0,0.0,97.6666666666667,8.19859522091665
96.6666666666667,8.21982676808296,0.0,0.0,96.6666666666667,8.21982676808296
96.0,8.23612941004245,0.0,0.0,96.0,8.23612941004245
96.3333333333333,8.20618556701031,0.0,0.0,96.3333333333333,8.20618556701031
97.0,8.20618556701031,0.0,0.0,97.0,8.20618556701031
99.0,8.18518518518518,0.0,0.0,99.0,8.18518518518518
98.0,8.22789115646258,0.0,0.0,98.0,8.22789115646258
98.6666666666667,8.21888957603243,0.0,0.0,98.6666666666667,8.21888957603243
98.0,8.2312925170068,0.0,0.0,98.0,8.2312925170068
98.6666666666667,8.24355802927231,0.0,0.0,98.6666666666667,8.24355802927231
